CHNCXR_0001_0_0.png,0
CHNCXR_0002_0_1.png,0
CHNCXR_0003_0_2.png,0
CHNCXR_0004_0_3.png,0
CHNCXR_0005_0_4.png,0
CHNCXR_0006_0_5.png,0
CHNCXR_0007_0_6.png,0
CHNCXR_0009_0_7.png,0
CHNCXR_0010_0_8.png,0
CHNCXR_0013_0_9.png,0
CHNCXR_0014_0_10.png,0
CHNCXR_0015_0_11.png,0
CHNCXR_0016_0_12.png,0
CHNCXR_0017_0_13.png,0
CHNCXR_0018_0_14.png,0
CHNCXR_0019_0_15.png,0
CHNCXR_0021_0_16.png,0
CHNCXR_0023_0_17.png,0
CHNCXR_0024_0_18.png,0
CHNCXR_0025_0_19.png,0
CHNCXR_0026_0_20.png,0
CHNCXR_0028_0_21.png,0
CHNCXR_0029_0_22.png,0
CHNCXR_0030_0_23.png,0
CHNCXR_0032_0_24.png,0
CHNCXR_0034_0_25.png,0
CHNCXR_0035_0_26.png,0
CHNCXR_0037_0_27.png,0
CHNCXR_0038_0_28.png,0
CHNCXR_0039_0_29.png,0
CHNCXR_0040_0_30.png,0
CHNCXR_0041_0_31.png,0
CHNCXR_0043_0_32.png,0
CHNCXR_0044_0_33.png,0
CHNCXR_0045_0_34.png,0
CHNCXR_0046_0_35.png,0
CHNCXR_0047_0_36.png,0
CHNCXR_0048_0_37.png,0
CHNCXR_0049_0_38.png,0
CHNCXR_0050_0_39.png,0
CHNCXR_0052_0_40.png,0
CHNCXR_0053_0_41.png,0
CHNCXR_0054_0_42.png,0
CHNCXR_0055_0_43.png,0
CHNCXR_0056_0_44.png,0
CHNCXR_0057_0_45.png,0
CHNCXR_0058_0_46.png,0
CHNCXR_0059_0_47.png,0
CHNCXR_0060_0_48.png,0
CHNCXR_0062_0_49.png,0
CHNCXR_0063_0_50.png,0
CHNCXR_0065_0_51.png,0
CHNCXR_0066_0_52.png,0
CHNCXR_0067_0_53.png,0
CHNCXR_0068_0_54.png,0
CHNCXR_0069_0_55.png,0
CHNCXR_0070_0_56.png,0
CHNCXR_0071_0_57.png,0
CHNCXR_0072_0_58.png,0
CHNCXR_0073_0_59.png,0
CHNCXR_0074_0_60.png,0
CHNCXR_0075_0_61.png,0
CHNCXR_0076_0_62.png,0
CHNCXR_0077_0_63.png,0
CHNCXR_0080_0_64.png,0
CHNCXR_0084_0_65.png,0
CHNCXR_0085_0_66.png,0
CHNCXR_0086_0_67.png,0
CHNCXR_0088_0_68.png,0
CHNCXR_0089_0_69.png,0
CHNCXR_0090_0_70.png,0
CHNCXR_0091_0_71.png,0
CHNCXR_0092_0_72.png,0
CHNCXR_0093_0_73.png,0
CHNCXR_0094_0_74.png,0
CHNCXR_0096_0_75.png,0
CHNCXR_0097_0_76.png,0
CHNCXR_0098_0_77.png,0
CHNCXR_0099_0_78.png,0
CHNCXR_0100_0_79.png,0
CHNCXR_0101_0_80.png,0
CHNCXR_0102_0_81.png,0
CHNCXR_0103_0_82.png,0
CHNCXR_0104_0_83.png,0
CHNCXR_0105_0_84.png,0
CHNCXR_0107_0_85.png,0
CHNCXR_0108_0_86.png,0
CHNCXR_0109_0_87.png,0
CHNCXR_0111_0_88.png,0
CHNCXR_0112_0_89.png,0
CHNCXR_0114_0_90.png,0
CHNCXR_0115_0_91.png,0
CHNCXR_0117_0_92.png,0
CHNCXR_0119_0_93.png,0
CHNCXR_0120_0_94.png,0
CHNCXR_0121_0_95.png,0
CHNCXR_0123_0_96.png,0
CHNCXR_0124_0_97.png,0
CHNCXR_0125_0_98.png,0
CHNCXR_0126_0_99.png,0
CHNCXR_0128_0_100.png,0
CHNCXR_0129_0_101.png,0
CHNCXR_0131_0_102.png,0
CHNCXR_0132_0_103.png,0
CHNCXR_0133_0_104.png,0
CHNCXR_0134_0_105.png,0
CHNCXR_0136_0_106.png,0
CHNCXR_0137_0_107.png,0
CHNCXR_0138_0_108.png,0
CHNCXR_0139_0_109.png,0
CHNCXR_0140_0_110.png,0
CHNCXR_0141_0_111.png,0
CHNCXR_0142_0_112.png,0
CHNCXR_0144_0_113.png,0
CHNCXR_0146_0_114.png,0
CHNCXR_0147_0_115.png,0
CHNCXR_0148_0_116.png,0
CHNCXR_0149_0_117.png,0
CHNCXR_0150_0_118.png,0
CHNCXR_0151_0_119.png,0
CHNCXR_0152_0_120.png,0
CHNCXR_0154_0_121.png,0
CHNCXR_0155_0_122.png,0
CHNCXR_0156_0_123.png,0
CHNCXR_0158_0_124.png,0
CHNCXR_0159_0_125.png,0
CHNCXR_0161_0_126.png,0
CHNCXR_0162_0_127.png,0
CHNCXR_0163_0_128.png,0
CHNCXR_0164_0_129.png,0
CHNCXR_0165_0_130.png,0
CHNCXR_0166_0_131.png,0
CHNCXR_0167_0_132.png,0
CHNCXR_0168_0_133.png,0
CHNCXR_0169_0_134.png,0
CHNCXR_0170_0_135.png,0
CHNCXR_0171_0_136.png,0
CHNCXR_0172_0_137.png,0
CHNCXR_0173_0_138.png,0
CHNCXR_0174_0_139.png,0
CHNCXR_0176_0_140.png,0
CHNCXR_0177_0_141.png,0
CHNCXR_0178_0_142.png,0
CHNCXR_0179_0_143.png,0
CHNCXR_0180_0_144.png,0
CHNCXR_0181_0_145.png,0
CHNCXR_0183_0_146.png,0
CHNCXR_0184_0_147.png,0
CHNCXR_0185_0_148.png,0
CHNCXR_0186_0_149.png,0
CHNCXR_0187_0_150.png,0
CHNCXR_0188_0_151.png,0
CHNCXR_0189_0_152.png,0
CHNCXR_0190_0_153.png,0
CHNCXR_0191_0_154.png,0
CHNCXR_0192_0_155.png,0
CHNCXR_0193_0_156.png,0
CHNCXR_0194_0_157.png,0
CHNCXR_0195_0_158.png,0
CHNCXR_0196_0_159.png,0
CHNCXR_0197_0_160.png,0
CHNCXR_0199_0_161.png,0
CHNCXR_0200_0_162.png,0
CHNCXR_0201_0_163.png,0
CHNCXR_0202_0_164.png,0
CHNCXR_0203_0_165.png,0
CHNCXR_0204_0_166.png,0
CHNCXR_0205_0_167.png,0
CHNCXR_0206_0_168.png,0
CHNCXR_0207_0_169.png,0
CHNCXR_0209_0_170.png,0
CHNCXR_0210_0_171.png,0
CHNCXR_0211_0_172.png,0
CHNCXR_0212_0_173.png,0
CHNCXR_0213_0_174.png,0
CHNCXR_0214_0_175.png,0
CHNCXR_0215_0_176.png,0
CHNCXR_0216_0_177.png,0
CHNCXR_0217_0_178.png,0
CHNCXR_0218_0_179.png,0
CHNCXR_0219_0_180.png,0
CHNCXR_0220_0_181.png,0
CHNCXR_0221_0_182.png,0
CHNCXR_0223_0_183.png,0
CHNCXR_0225_0_184.png,0
CHNCXR_0226_0_185.png,0
CHNCXR_0228_0_186.png,0
CHNCXR_0229_0_187.png,0
CHNCXR_0230_0_188.png,0
CHNCXR_0231_0_189.png,0
CHNCXR_0232_0_190.png,0
CHNCXR_0233_0_191.png,0
CHNCXR_0234_0_192.png,0
CHNCXR_0235_0_193.png,0
CHNCXR_0237_0_194.png,0
CHNCXR_0238_0_195.png,0
CHNCXR_0239_0_196.png,0
CHNCXR_0240_0_197.png,0
CHNCXR_0241_0_198.png,0
CHNCXR_0242_0_199.png,0
CHNCXR_0243_0_200.png,0
CHNCXR_0244_0_201.png,0
CHNCXR_0246_0_202.png,0
CHNCXR_0247_0_203.png,0
CHNCXR_0248_0_204.png,0
CHNCXR_0249_0_205.png,0
CHNCXR_0253_0_206.png,0
CHNCXR_0254_0_207.png,0
CHNCXR_0255_0_208.png,0
CHNCXR_0256_0_209.png,0
CHNCXR_0258_0_210.png,0
CHNCXR_0260_0_211.png,0
CHNCXR_0261_0_212.png,0
CHNCXR_0263_0_213.png,0
CHNCXR_0264_0_214.png,0
CHNCXR_0265_0_215.png,0
CHNCXR_0266_0_216.png,0
CHNCXR_0267_0_217.png,0
CHNCXR_0268_0_218.png,0
CHNCXR_0269_0_219.png,0
CHNCXR_0270_0_220.png,0
CHNCXR_0271_0_221.png,0
CHNCXR_0272_0_222.png,0
CHNCXR_0273_0_223.png,0
CHNCXR_0275_0_224.png,0
CHNCXR_0276_0_225.png,0
CHNCXR_0277_0_226.png,0
CHNCXR_0278_0_227.png,0
CHNCXR_0280_0_228.png,0
CHNCXR_0281_0_229.png,0
CHNCXR_0282_0_230.png,0
CHNCXR_0285_0_231.png,0
CHNCXR_0287_0_232.png,0
CHNCXR_0288_0_233.png,0
CHNCXR_0289_0_234.png,0
CHNCXR_0291_0_235.png,0
CHNCXR_0292_0_236.png,0
CHNCXR_0294_0_237.png,0
CHNCXR_0295_0_238.png,0
CHNCXR_0296_0_239.png,0
CHNCXR_0297_0_240.png,0
CHNCXR_0298_0_241.png,0
CHNCXR_0299_0_242.png,0
CHNCXR_0300_0_243.png,0
CHNCXR_0301_0_244.png,0
CHNCXR_0302_0_245.png,0
CHNCXR_0303_0_246.png,0
CHNCXR_0306_0_247.png,0
CHNCXR_0307_0_248.png,0
CHNCXR_0308_0_249.png,0
CHNCXR_0309_0_250.png,0
CHNCXR_0310_0_251.png,0
CHNCXR_0311_0_252.png,0
CHNCXR_0312_0_253.png,0
CHNCXR_0313_0_254.png,0
CHNCXR_0316_0_255.png,0
CHNCXR_0317_0_256.png,0
CHNCXR_0320_0_257.png,0
CHNCXR_0321_0_258.png,0
CHNCXR_0322_0_259.png,0
CHNCXR_0325_0_260.png,0
CHNCXR_0326_0_261.png,0
CHNCXR_0327_1_262.png,1
CHNCXR_0328_1_263.png,1
CHNCXR_0329_1_264.png,1
CHNCXR_0333_1_265.png,1
CHNCXR_0334_1_266.png,1
CHNCXR_0337_1_267.png,1
CHNCXR_0338_1_268.png,1
CHNCXR_0339_1_269.png,1
CHNCXR_0340_1_270.png,1
CHNCXR_0341_1_271.png,1
CHNCXR_0342_1_272.png,1
CHNCXR_0344_1_273.png,1
CHNCXR_0345_1_274.png,1
CHNCXR_0346_1_275.png,1
CHNCXR_0347_1_276.png,1
CHNCXR_0348_1_277.png,1
CHNCXR_0349_1_278.png,1
CHNCXR_0352_1_279.png,1
CHNCXR_0353_1_280.png,1
CHNCXR_0355_1_281.png,1
CHNCXR_0357_1_282.png,1
CHNCXR_0360_1_283.png,1
CHNCXR_0361_1_284.png,1
CHNCXR_0362_1_285.png,1
CHNCXR_0364_1_286.png,1
CHNCXR_0365_1_287.png,1
CHNCXR_0367_1_288.png,1
CHNCXR_0368_1_289.png,1
CHNCXR_0369_1_290.png,1
CHNCXR_0370_1_291.png,1
CHNCXR_0371_1_292.png,1
CHNCXR_0372_1_293.png,1
CHNCXR_0374_1_294.png,1
CHNCXR_0375_1_295.png,1
CHNCXR_0376_1_296.png,1
CHNCXR_0378_1_297.png,1
CHNCXR_0380_1_298.png,1
CHNCXR_0381_1_299.png,1
CHNCXR_0383_1_300.png,1
CHNCXR_0384_1_301.png,1
CHNCXR_0385_1_302.png,1
CHNCXR_0386_1_303.png,1
CHNCXR_0389_1_304.png,1
CHNCXR_0391_1_305.png,1
CHNCXR_0392_1_306.png,1
CHNCXR_0393_1_307.png,1
CHNCXR_0394_1_308.png,1
CHNCXR_0397_1_309.png,1
CHNCXR_0398_1_310.png,1
CHNCXR_0400_1_311.png,1
CHNCXR_0404_1_312.png,1
CHNCXR_0405_1_313.png,1
CHNCXR_0407_1_314.png,1
CHNCXR_0409_1_315.png,1
CHNCXR_0410_1_316.png,1
CHNCXR_0411_1_317.png,1
CHNCXR_0412_1_318.png,1
CHNCXR_0413_1_319.png,1
CHNCXR_0415_1_320.png,1
CHNCXR_0416_1_321.png,1
CHNCXR_0418_1_322.png,1
CHNCXR_0419_1_323.png,1
CHNCXR_0420_1_324.png,1
CHNCXR_0421_1_325.png,1
CHNCXR_0422_1_326.png,1
CHNCXR_0423_1_327.png,1
CHNCXR_0424_1_328.png,1
CHNCXR_0425_1_329.png,1
CHNCXR_0427_1_330.png,1
CHNCXR_0428_1_331.png,1
CHNCXR_0430_1_332.png,1
CHNCXR_0436_1_333.png,1
CHNCXR_0437_1_334.png,1
CHNCXR_0439_1_335.png,1
CHNCXR_0440_1_336.png,1
CHNCXR_0441_1_337.png,1
CHNCXR_0442_1_338.png,1
CHNCXR_0444_1_339.png,1
CHNCXR_0446_1_340.png,1
CHNCXR_0448_1_341.png,1
CHNCXR_0450_1_342.png,1
CHNCXR_0453_1_343.png,1
CHNCXR_0454_1_344.png,1
CHNCXR_0455_1_345.png,1
CHNCXR_0456_1_346.png,1
CHNCXR_0457_1_347.png,1
CHNCXR_0459_1_348.png,1
CHNCXR_0461_1_349.png,1
CHNCXR_0462_1_350.png,1
CHNCXR_0463_1_351.png,1
CHNCXR_0464_1_352.png,1
CHNCXR_0465_1_353.png,1
CHNCXR_0466_1_354.png,1
CHNCXR_0467_1_355.png,1
CHNCXR_0468_1_356.png,1
CHNCXR_0469_1_357.png,1
CHNCXR_0471_1_358.png,1
CHNCXR_0472_1_359.png,1
CHNCXR_0473_1_360.png,1
CHNCXR_0474_1_361.png,1
CHNCXR_0476_1_362.png,1
CHNCXR_0478_1_363.png,1
CHNCXR_0479_1_364.png,1
CHNCXR_0480_1_365.png,1
CHNCXR_0483_1_366.png,1
CHNCXR_0484_1_367.png,1
CHNCXR_0486_1_368.png,1
CHNCXR_0487_1_369.png,1
CHNCXR_0488_1_370.png,1
CHNCXR_0490_1_371.png,1
CHNCXR_0491_1_372.png,1
CHNCXR_0493_1_373.png,1
CHNCXR_0494_1_374.png,1
CHNCXR_0495_1_375.png,1
CHNCXR_0499_1_376.png,1
CHNCXR_0500_1_377.png,1
CHNCXR_0503_1_378.png,1
CHNCXR_0504_1_379.png,1
CHNCXR_0505_1_380.png,1
CHNCXR_0506_1_381.png,1
CHNCXR_0507_1_382.png,1
CHNCXR_0508_1_383.png,1
CHNCXR_0510_1_384.png,1
CHNCXR_0511_1_385.png,1
CHNCXR_0512_1_386.png,1
CHNCXR_0514_1_387.png,1
CHNCXR_0517_1_388.png,1
CHNCXR_0518_1_389.png,1
CHNCXR_0519_1_390.png,1
CHNCXR_0523_1_391.png,1
CHNCXR_0524_1_392.png,1
CHNCXR_0526_1_393.png,1
CHNCXR_0527_1_394.png,1
CHNCXR_0529_1_395.png,1
CHNCXR_0531_1_396.png,1
CHNCXR_0533_1_397.png,1
CHNCXR_0535_1_398.png,1
CHNCXR_0540_1_399.png,1
CHNCXR_0543_1_400.png,1
CHNCXR_0544_1_401.png,1
CHNCXR_0545_1_402.png,1
CHNCXR_0549_1_403.png,1
CHNCXR_0551_1_404.png,1
CHNCXR_0552_1_405.png,1
CHNCXR_0553_1_406.png,1
CHNCXR_0554_1_407.png,1
CHNCXR_0555_1_408.png,1
CHNCXR_0556_1_409.png,1
CHNCXR_0558_1_410.png,1
CHNCXR_0559_1_411.png,1
CHNCXR_0560_1_412.png,1
CHNCXR_0561_1_413.png,1
CHNCXR_0562_1_414.png,1
CHNCXR_0563_1_415.png,1
CHNCXR_0564_1_416.png,1
CHNCXR_0569_1_417.png,1
CHNCXR_0570_1_418.png,1
CHNCXR_0571_1_419.png,1
CHNCXR_0572_1_420.png,1
CHNCXR_0574_1_421.png,1
CHNCXR_0575_1_422.png,1
CHNCXR_0577_1_423.png,1
CHNCXR_0578_1_424.png,1
CHNCXR_0579_1_425.png,1
CHNCXR_0581_1_426.png,1
CHNCXR_0582_1_427.png,1
CHNCXR_0583_1_428.png,1
CHNCXR_0584_1_429.png,1
CHNCXR_0586_1_430.png,1
CHNCXR_0587_1_431.png,1
CHNCXR_0590_1_432.png,1
CHNCXR_0595_1_433.png,1
CHNCXR_0598_1_434.png,1
CHNCXR_0601_1_435.png,1
CHNCXR_0606_1_436.png,1
CHNCXR_0607_1_437.png,1
CHNCXR_0610_1_438.png,1
CHNCXR_0611_1_439.png,1
CHNCXR_0613_1_440.png,1
CHNCXR_0614_1_441.png,1
CHNCXR_0616_1_442.png,1
CHNCXR_0624_1_443.png,1
CHNCXR_0625_1_444.png,1
CHNCXR_0626_1_445.png,1
CHNCXR_0627_1_446.png,1
CHNCXR_0628_1_447.png,1
CHNCXR_0629_1_448.png,1
CHNCXR_0630_1_449.png,1
CHNCXR_0631_1_450.png,1
CHNCXR_0632_1_451.png,1
CHNCXR_0634_1_452.png,1
CHNCXR_0635_1_453.png,1
CHNCXR_0641_1_454.png,1
CHNCXR_0643_1_455.png,1
CHNCXR_0644_1_456.png,1
CHNCXR_0646_1_457.png,1
CHNCXR_0648_1_458.png,1
CHNCXR_0649_1_459.png,1
CHNCXR_0651_1_460.png,1
CHNCXR_0653_1_461.png,1
CHNCXR_0654_1_462.png,1
CHNCXR_0655_1_463.png,1
CHNCXR_0659_1_464.png,1
CHNCXR_0660_1_465.png,1
MCUCXR_0001_0_0.png,0
MCUCXR_0002_0_1.png,0
MCUCXR_0003_0_2.png,0
MCUCXR_0005_0_3.png,0
MCUCXR_0006_0_4.png,0
MCUCXR_0008_0_5.png,0
MCUCXR_0011_0_6.png,0
MCUCXR_0013_0_7.png,0
MCUCXR_0015_0_8.png,0
MCUCXR_0016_0_9.png,0
MCUCXR_0019_0_10.png,0
MCUCXR_0021_0_11.png,0
MCUCXR_0022_0_12.png,0
MCUCXR_0023_0_13.png,0
MCUCXR_0024_0_14.png,0
MCUCXR_0026_0_15.png,0
MCUCXR_0027_0_16.png,0
MCUCXR_0028_0_17.png,0
MCUCXR_0029_0_18.png,0
MCUCXR_0035_0_19.png,0
MCUCXR_0038_0_20.png,0
MCUCXR_0040_0_21.png,0
MCUCXR_0041_0_22.png,0
MCUCXR_0042_0_23.png,0
MCUCXR_0043_0_24.png,0
MCUCXR_0044_0_25.png,0
MCUCXR_0045_0_26.png,0
MCUCXR_0046_0_27.png,0
MCUCXR_0047_0_28.png,0
MCUCXR_0048_0_29.png,0
MCUCXR_0049_0_30.png,0
MCUCXR_0051_0_31.png,0
MCUCXR_0052_0_32.png,0
MCUCXR_0053_0_33.png,0
MCUCXR_0054_0_34.png,0
MCUCXR_0055_0_35.png,0
MCUCXR_0056_0_36.png,0
MCUCXR_0057_0_37.png,0
MCUCXR_0058_0_38.png,0
MCUCXR_0059_0_39.png,0
MCUCXR_0060_0_40.png,0
MCUCXR_0061_0_41.png,0
MCUCXR_0062_0_42.png,0
MCUCXR_0063_0_43.png,0
MCUCXR_0064_0_44.png,0
MCUCXR_0068_0_45.png,0
MCUCXR_0069_0_46.png,0
MCUCXR_0070_0_47.png,0
MCUCXR_0071_0_48.png,0
MCUCXR_0072_0_49.png,0
MCUCXR_0074_0_50.png,0
MCUCXR_0077_0_51.png,0
MCUCXR_0079_0_52.png,0
MCUCXR_0080_0_53.png,0
MCUCXR_0081_0_54.png,0
MCUCXR_0082_0_55.png,0
MCUCXR_0083_0_56.png,0
MCUCXR_0084_0_57.png,0
MCUCXR_0085_0_58.png,0
MCUCXR_0086_0_59.png,0
MCUCXR_0089_0_60.png,0
MCUCXR_0090_0_61.png,0
MCUCXR_0091_0_62.png,0
MCUCXR_0092_0_63.png,0
MCUCXR_0094_0_64.png,0
MCUCXR_0095_0_65.png,0
MCUCXR_0096_0_66.png,0
MCUCXR_0097_0_67.png,0
MCUCXR_0099_0_68.png,0
MCUCXR_0100_0_69.png,0
MCUCXR_0101_0_70.png,0
MCUCXR_0108_1_71.png,1
MCUCXR_0113_1_72.png,1
MCUCXR_0117_1_73.png,1
MCUCXR_0140_1_74.png,1
MCUCXR_0141_1_75.png,1
MCUCXR_0142_1_76.png,1
MCUCXR_0144_1_77.png,1
MCUCXR_0150_1_78.png,1
MCUCXR_0162_1_79.png,1
MCUCXR_0182_1_80.png,1
MCUCXR_0188_1_81.png,1
MCUCXR_0195_1_82.png,1
MCUCXR_0196_1_83.png,1
MCUCXR_0203_1_84.png,1
MCUCXR_0213_1_85.png,1
MCUCXR_0223_1_86.png,1
MCUCXR_0228_1_87.png,1
MCUCXR_0253_1_88.png,1
MCUCXR_0255_1_89.png,1
MCUCXR_0258_1_90.png,1
MCUCXR_0264_1_91.png,1
MCUCXR_0266_1_92.png,1
MCUCXR_0275_1_93.png,1
MCUCXR_0289_1_94.png,1
MCUCXR_0294_1_95.png,1
MCUCXR_0301_1_96.png,1
MCUCXR_0309_1_97.png,1
MCUCXR_0311_1_98.png,1
MCUCXR_0313_1_99.png,1
MCUCXR_0316_1_100.png,1
MCUCXR_0331_1_101.png,1
MCUCXR_0334_1_102.png,1
MCUCXR_0338_1_103.png,1
MCUCXR_0348_1_104.png,1
MCUCXR_0350_1_105.png,1
MCUCXR_0352_1_106.png,1
MCUCXR_0367_1_107.png,1
MCUCXR_0372_1_108.png,1
MCUCXR_0383_1_109.png,1
MCUCXR_0387_1_110.png,1
MCUCXR_0393_1_111.png,1
MCUCXR_0399_1_112.png,1
